permutation,edge_value_permutation,region_label_permutation,distance_matched_edge_permutation
0,-0.002102694789673906,0.0019431703461006986,-0.004864950619675779
1,-0.005519474250921567,0.012317352787783961,-0.003587686434752248
2,0.0006487726281851496,0.00841820732544713,0.002552529595702473
3,-0.003545733958553158,0.0040484131596598295,0.006248166819167684
4,0.003335613928966804,0.00400124639087084,0.004131759596072264
5,-8.737304515894874e-05,-0.0068855630381465084,0.0025408657314745092
6,0.006163713039874129,-0.0061539123322111216,-0.0030487293687083542
7,0.0027972464790414213,-0.007174805265774975,-0.005874898209218699
8,-0.005698929882005149,0.00863825413997927,0.000571319572876136
9,-0.0018240657383077061,0.004669705536566306,0.003041489926517656
10,-0.0046329494767441415,-0.0035372865704960004,-0.0021583923380415733
11,-0.004736304134607288,0.003268989206513756,0.0017053318481510822
12,0.0027925610261622063,0.002256576340476845,0.000688708612473331
13,0.0005634070107447632,0.004739324290352657,0.0011370697539517846
14,0.00035974388134832666,-0.001477772382557834,-0.0019872659331829834
15,-0.0019486218932695766,0.0071143457669172626,0.005399341639264459
16,0.007504677764947058,0.005036771798842211,0.010307584753116139
17,-0.0010546423733557052,0.0013031708492466448,-0.01012901068665375
18,-0.005181538228378445,-0.007091672972514136,0.004731119474519642
19,-0.006432130897618882,0.008395486937216366,-0.007115946599563384
20,0.010160478787340332,-0.0031178017359352896,0.004161053016591513
21,-0.0006565667074063013,0.00017126325610934877,0.007428460008880352
22,-0.003892184907340696,-0.0039039999689236583,-0.0007482039549759047
23,-0.0007704576205986221,-0.004024642990103494,0.002905036410951908
24,-0.002052688793340768,-0.014581789378147768,0.00452841749119993
25,0.005287310431138959,-0.0005782379526933524,0.0001872551559688231
26,0.0027584291577444774,0.0007880530838271123,0.0028967640109109926
27,0.0004884543100225368,-0.010719657700381047,6.062057228959464e-05
28,-0.002744553323480448,0.00019557735974821684,-0.000764354662197874
29,0.0026284393921158504,0.010005236536518757,0.0005712930694239487
30,-0.0013904855272404714,0.0038703134288711285,-0.001377384809573949
31,-0.0014817375141637043,-0.0012535015904480238,-0.004706341652442183
32,0.0017946857318131828,0.004238640728291555,0.0015936003109124658
33,0.001959010645434203,0.0015802554416093652,-0.007670935917977576
34,-0.007987747207118222,-0.0014693206784863093,0.004096867546520777
35,0.0027818016800920855,0.0007879629775266267,0.0005341709002502296
36,0.003507430186378384,-0.008502928313005217,-0.004537875472486667
37,0.0026525374919034624,-0.0029381590000310803,0.007479046738560889
38,0.0020125586552651336,0.010964963039188104,-0.005240505986956121
39,-0.0021391768529742347,0.0002989063739591729,0.004159330222832293
40,-0.002367628769188486,-0.00033721319913472965,0.003557722086526514
41,-0.011820149227556288,-0.00022493232858869722,-0.002423242263867451
42,-0.0013652407115473844,-0.0013143824841851358,-0.005412680062533304
43,-0.005528247430842319,0.0007880698766047821,-0.0007489483383457636
44,0.0009027016919762491,0.00623697349960442,-0.00234976851700249
45,-0.002925135605460965,-1.981326220672873e-06,0.0012763041641047702
46,0.0020795592783309814,-0.0016363594561576624,0.0007626135057453891
47,0.014058880594812336,0.005740599752424836,0.007507956257723671
48,0.0016878086189079863,-0.007284068102069444,0.003285703865122159
49,-0.00661381601376284,-0.003034038073653315,-0.0017017791676184812
50,4.604100336407746e-05,-0.0013259113404183193,-0.008160279128264442
51,-0.004977404445275542,-0.005607995131105179,0.005443128013461876
52,0.0026515872675076956,0.001788471208568415,0.001406355996688863
53,-0.0025223490472957664,0.00795131213002968,0.0043444285557504405
54,-0.0036470078354752127,-0.003239547065437173,-0.005234864508040949
55,-0.0005345595760138915,-0.0029898454984189477,0.0017621383613313692
56,0.0010796008612127264,0.009316817254321277,0.004377331665442757
57,0.001420701224241239,0.0020145007310817357,0.0030521779530253246
58,-0.001518119276127501,-0.00643779073903302,-0.0024312456077646605
59,0.0030725945934841578,-0.003952569748236644,0.0013740365007841391
60,0.002148381215651277,-0.007284255528513496,-0.0003614664671328396
61,0.010980363003889923,0.0015487705444837292,0.005836658746988626
62,0.0041040395210294725,0.0024325496215264557,-0.00022302129490218503
63,-0.0011941591466367366,0.0011416001500401108,0.0017316405926249142
64,0.002988192978079512,0.0006980070810167428,0.0075684586360012
65,-0.005356150128254623,0.0004080361650593307,0.008069307587070454
66,0.0013512545953640088,-0.008218012820813704,-0.000630613946607458
67,-0.006836150384416745,-0.0026436611328290102,-0.002562139615565514
68,-0.002009808678338908,-0.00573013343738816,-0.00177473818196458
69,0.008752854821415568,-0.006466582462526158,0.0013245870904161237
70,0.002549244813601127,0.004833222573535697,0.007378619440078134
71,0.004503501691212458,0.0005138883416179844,0.004703142099306354
72,0.009107730553674656,-0.0010208237374703022,0.013973362400543846
73,0.001321651832392009,-0.005900108326006657,0.004385197222764475
74,0.0068968362431953015,-0.0045302768957736946,0.0010775246618896118
75,-0.00044535614484363264,-0.011029342848595072,-0.0002513194467877743
76,0.00874542672213516,-0.005163063645966446,-0.0030479930289036175
77,0.0027570643224471675,-0.0014330199658440853,0.0032751495103406996
78,0.0016676668939049012,-0.0011334178650863331,-0.0019353429600664207
79,-0.0012382382743632218,0.0019463530006815265,0.011230010593213553
80,0.001523787435924593,-0.0014327132287770637,-0.000661766625377853
81,-0.0007463650623629278,-0.0019528646349876429,0.004456184457722382
82,0.0036815575454010358,-0.0018300465634560447,0.00623279660871763
83,0.0045535799631911756,0.00012735098420939544,0.0062460435321777105
84,-0.008922952043584368,-0.0015057568264917089,0.007174862694738385
85,-0.002723454674995268,0.0007099894006705603,0.0029499151169005123
86,-0.0012563264304332683,-0.0007978278728402923,0.004239350101080133
87,-0.0026942072391374187,0.0009094838371213367,-4.4919771053903846e-05
88,-0.00806796856985219,-0.004885114696847108,0.006597417276892083
89,0.0054927788356874015,0.0035951877081902054,-0.0022958381799610007
90,0.006905016890244513,0.0007271650835284213,0.0004202992901478486
91,0.0027430368889598375,0.0025131136756074896,-0.00089227035109041
92,-0.0003077505821912063,0.0017577952303313405,0.00015290391552480348
93,0.0034728918775452588,-0.004043778868650003,-0.0013409434805621227
94,0.005792939469240016,-0.0017186360367297095,0.00047599661663894066
95,-0.005642560941002988,0.005439521285141556,-0.00033449295471086655
96,-0.001759287787380349,0.0030844869502075632,-3.636613261869112e-05
97,0.004441438841845562,-0.0035974033271468854,0.01217507083746056
98,0.0057653809688708035,0.005695441689084566,0.005625153635043348
99,-0.002218557156557048,-0.007122147521363621,0.0076350388448177845
100,0.0021905712670075937,-0.0032337672542221765,-0.0014424736504070092
101,0.004627340716140749,0.0030268202684892846,0.0018769345307166091
102,0.013163713603020611,-0.005580354273821357,0.002567715195792676
103,-0.00456774779947233,0.0007038690591599363,0.007582329194281259
104,-0.0018515656874990918,0.004758919489243114,0.00523994287285465
105,0.002357623780589529,0.004907315071916197,0.001889781132216263
106,0.0015697578443096,0.00097826237903224,0.006256015641243261
107,-0.0007869431686900173,0.0022197444492460306,-0.0019330541429708617
108,-0.0069736260731270185,-0.003686396323757771,-0.003603592998656048
109,-0.006457369318908005,0.005646658674006671,0.004943788404185343
110,-0.003007644006448326,0.0011239585415794846,-0.0024962576740487972
111,-0.0026893713180053537,0.010468335565311862,-0.00229526778815526
112,-0.0012637985790701406,-0.001704768556760561,0.005800068934157007
113,-0.0032911230480546436,-0.002676661885166314,0.0026062435961094585
114,0.005410629003915951,-0.002323077635717748,0.001697869492077661
115,-0.003987329633363411,0.0016954654849870108,0.0029290313191500683
116,-0.0016344899864635474,0.004796129553609889,-0.003962984214182813
117,-0.00041726656695118095,0.00021919548738558,-0.006583506797981159
118,0.002311248219991769,0.00948911845582568,0.008252396249754887
119,0.001405301884104285,-0.006128662732809167,0.0013689500478355288
120,0.002653504227808057,-0.0033183517259427267,0.002255602010316943
121,0.0017049035712184792,-0.002990483603268349,-0.002500675958067021
122,0.009295319616477246,-0.0016949345783299258,0.0015399702913047259
123,-0.00034112674984410914,0.00543683610491645,0.003369392358703824
124,0.009048781101423072,-0.0007580987747390621,0.0030202392434667824
125,-0.0025316821511264047,0.002874849500688242,0.006000409394935989
126,0.005039110940475726,0.001473452551135839,-0.0007329645315923558
127,-0.005579063433000085,0.007935403269851954,0.005609343480589164
128,0.0030695661996795894,-0.012074868938573152,0.0015575575001560117
129,-0.003397212442968018,-0.008203084186471648,0.00033406273293652857
130,0.0024863872944818556,-0.004925171032492384,0.009708834023637338
131,0.008088627204477294,-0.0019964718381420606,0.004389112653715698
132,0.001664821271742809,-0.003305036111973565,0.004675510334234476
133,-0.0016871967792354144,0.00460031715914413,-0.0010867770382630869
134,-0.004569342026918406,-0.014103277861196875,0.001779447018215966
135,0.002917528342327279,-0.0003429463566287688,-0.001806688081749567
136,0.002810311853952281,0.003257013496582573,0.005029358204110791
137,0.007182225279856374,0.0038538705528319006,-0.003998555096840983
138,0.004252566100259799,-0.002411747283506058,-0.0017531747689731234
139,-0.006739873144398257,0.00043649861917963596,0.0014692891103244088
140,-0.006270961925956585,-0.002563085471361091,0.002702224276219227
141,0.0031404483603543185,-0.0035936980063952877,0.00885180083018672
142,-0.001718423251306514,-0.0031439642373122818,-0.003669521691206121
143,-0.0009335822441125168,0.0022580350900198655,0.0025984274855064466
144,-0.005340409120986917,-9.766096046930044e-05,0.004912934368290441
145,0.008215852400599492,0.004149066429993458,0.005008600660327624
146,-0.00564505094212082,-0.0009402614158815972,0.003149015561406995
147,0.0017860405759583357,-0.003017179935182577,-0.00035007243103868645
148,-0.005311542960554472,0.0032953807813176027,0.0063081942786860625
149,-0.0004476039049712787,0.005856555767093371,-0.004878379274461584
150,-0.0020481684621538885,0.00020678090507857821,-0.0009589935841261738
151,-0.00499125595471454,-0.006197309728419757,0.004868200703589979
152,0.0015569536001719096,-0.01297179919105908,0.0020349150848114734
153,0.0035966087366186023,0.0021708680780329337,-0.003442925911664025
154,0.003877126507494534,-0.006885132606987753,0.0049415237867136115
155,-0.006020266951404191,-0.001524056555391616,0.0012017611884139788
156,0.009707473447324992,0.004650166289337176,0.0032973702904042883
157,-0.004278967852916621,0.0024560679060146254,-0.0021738422889601367
158,-5.9081613593769435e-05,-0.0002648372043989277,0.0015527358715783002
159,0.009480040268954196,-0.003853615195126973,-0.005734320635055902
160,-0.005269509211306894,-0.006700551092404036,0.007428860635899534
161,0.004416813318096854,-0.0022471831723300854,0.002682403044928465
162,0.0062048990055228554,-0.005474621483079111,0.0026374980137639135
163,-0.0036288321322185666,0.0028334283323296003,0.00017345599273296328
164,0.003186656041444528,-0.008586391921052013,0.003981524733858447
165,0.004067163738655402,0.0034460441333163286,0.0117011436027858
166,0.003052896128646707,-0.004072110537892043,0.0016322781719403361
167,0.0003352694026164998,0.0028086562301444747,-0.00229308158219071
168,0.0017901068984098342,-0.0022590541812247318,0.0036738067181121647
169,0.006136228605045507,-0.010508902023035676,0.008583642122008649
170,-0.0004395261209585617,-0.0011102256735417437,-0.00044880017691071574
171,0.002147538047892202,-0.003478913534137483,0.007955538063669682
172,-0.004627325556403169,0.004536181615691201,0.0031960744559704486
173,0.00815871918065427,-0.010189479215740425,0.003801615971538285
174,0.001746770329933242,0.004591169197367761,0.002499958263112271
175,-0.007246376336603717,-3.8104852791798075e-05,0.0012926590184426116
176,0.00350041658226286,-0.0022695141299324327,0.0003074774502377111
177,-0.0011718311251640073,-0.004312543788311187,0.007854685479331467
178,0.006926362839749518,-0.0025457579470647414,0.0009740931141442866
179,0.0032430353179385718,0.005814918766235054,0.005406880209367193
180,-0.0017326190328676631,-0.002047787277322005,-0.00046297090139455567
181,-0.006322524273335534,0.00963073398993567,0.003990765902829182
182,0.003023254628196861,0.005870512288781989,-0.0030357508285115665
183,0.0013225876766056663,-0.006612929907177701,0.0003558350346679091
184,-0.006866112514997326,-0.004483701968107878,0.0006943929416055985
185,-0.009000324094094646,0.0033627921186417096,0.001011428548215429
186,0.00034211356288303484,0.005606491900464575,0.0016823855601645508
187,0.004521819547934122,0.002890332807423976,0.0042177948507058725
188,-0.010562762472199144,-0.00535829538863528,0.0042621534170139055
189,0.004392685029354041,0.0059755177682619814,0.002119070553628782
190,-0.0001789253814888559,-0.003144861900638289,0.00656809072325978
191,-0.0008245285805639615,0.0033661127736900865,-0.0057983828957990395
192,-0.0035746407478060155,0.007209854474559751,0.004942260266394678
193,-0.006572363446981599,-0.002500078040757986,-0.0024611764471232688
194,-0.0008951331426410502,-0.00806639257095538,0.0022827124434003764
195,-0.005472662555675214,-0.0033382801305959077,0.002578631944755929
196,-0.004930423271096006,-0.002123795167545767,-0.0038591305691585177
197,0.011563637137357826,-0.0010570278177067388,0.0006048287495912291
198,-0.0057119551109910205,-0.0007870996486563187,0.0028882614290164526
199,0.005431428811768914,-0.010663679921152141,0.0013931061805745458
200,-0.003389957795526951,-0.007945403695674437,0.0009010098620630242
201,-0.0012903253960967881,0.002946980126106349,-0.0011914148206707263
202,0.004281041692534384,-0.0010778235859623556,0.007253918363401092
203,-0.006138763468809646,-0.00893238031317044,-0.0034346793244832614
204,0.0021800310929406936,0.002911346722041361,0.0028180972188182594
205,0.002760114936404483,-0.0011199901650050593,0.009162861200952815
206,-0.003328466016167078,0.0038691794799655815,0.0032409027813316924
207,0.0032222563943622522,0.005974190691048525,0.00252056552892344
208,6.9777012815746475e-06,-0.006574969385911557,0.00021571503043558995
209,-0.0006129408229959282,0.005927640721218555,-0.007948905842288361
210,-0.0012834244823706348,0.0014380634660181846,0.005276004484231525
211,-0.002309196253369877,-0.00913863587888106,0.0069289531718773655
212,-0.00010026101701972219,0.010296595181114296,0.005620688180863146
213,0.0011756877684424782,-0.0056629658129058865,0.0016084059479655726
214,0.00032218625294752444,-0.0005004744160351141,0.0023427192877151534
215,-0.006123421809869003,0.0020983539574732286,-0.00037395696075808094
216,-0.0016024123584299076,-0.003208034581338379,0.0036349520206210273
217,0.004618697591949361,-0.005496475265080013,-0.004528732987073846
218,-0.008471309411265235,-0.004732159204187882,0.003390797794680737
219,-0.0002379197309681057,-0.0006813991980817473,0.00271852469721826
220,-0.004497972034369181,-0.0011378235597882132,0.00552056118761902
221,0.00327336976547242,0.00031325710255004734,0.005203633649239864
222,0.00496415301928771,-0.006663961286615209,0.002061620095252797
223,-0.0005654292969185962,0.0003112382756937139,-0.00048462320850461694
224,-0.003546241212728222,-0.004016939415778847,0.0032011638077466173
225,-0.008610077593294832,-0.004877413517575144,-0.0009780935904080007
226,0.0010589565746712104,0.006008000405189981,0.014041062233023064
227,0.0020009581920467285,0.0014716799278494646,0.00689649630674366
228,-0.005350278796617054,0.0027586361612760633,0.005101391076750787
229,-0.012090841988693363,-0.00289957716256316,0.008470235569810976
230,-0.0007691385447503125,0.007179987028656344,-0.0028620482927234387
231,0.003228949391475366,-0.0025297640413089514,0.003671031493440835
232,0.009185358313852476,0.0022580395215102186,-0.0011515434733330792
233,-0.0024743724973635326,0.004725677912104295,0.0017931183602293514
234,0.004791159056584212,0.005111803431558973,-0.0004235618940906651
235,0.0035537360335404938,-0.00282484751190307,0.0021507141898798785
236,0.001304025875652066,-0.00413181986463871,0.004940228484807786
237,0.00013354978915896404,-0.0035572103014343093,-0.0008312974114276279
238,-1.2223340109801514e-05,0.008287525892987558,0.0022623597425739366
239,0.002341058687639138,-0.0014800058480919902,0.0100454595167117
240,0.007761630816196901,-0.0034750426879870135,0.003165950606007341
241,-5.233301724253831e-05,0.006509397297660261,0.003859404631470593
242,-0.002377506750754434,-0.0030963606229653384,-0.005835626299240407
243,-0.002602366996802175,-0.005162836142613199,0.01081173590059076
244,0.0026626242776323188,0.0008328826512876893,-0.0018386924678039974
245,-0.006562332169363288,-0.012904945575154344,0.00932714720756199
246,0.00064935657661207,-0.0023429737841154253,0.010835469298374869
247,-0.0035906498136553853,0.004637516964351175,0.000989046484753566
248,-0.0005701036390010927,-0.0010973121452943922,0.004378520549898609
249,0.007940484053459512,-0.002426763061027928,0.002897651619841575
250,0.001345095834471473,0.007852668712743502,0.006110995172405319
251,-0.0029561157279774787,0.0027486175845437316,-0.0016288635208722487
252,0.003382558915175138,-0.0071811180932760095,-0.0029398333953724737
253,0.0008175452730363565,-0.006952559895267905,0.008939605634652993
254,-0.0014386025576264654,0.0055723899215179345,0.0033156081953141284
255,0.004184454416409954,-0.002361791978778416,-0.0009670773380722196
256,-0.0009904995008668978,-0.005321042044173232,0.003528316052449357
257,-0.0034534567415118087,-0.0022440498309914416,0.005539261594434782
258,0.002811210750385358,0.004280333562805268,0.002110955551598274
259,-0.004069671693872217,-8.627563182114027e-06,-0.003112711129730642
260,-0.0034169725675149837,-0.0023311380373227026,0.011369980788834529
261,-0.0001661318054618875,-0.007486532211882341,0.0019215158980182478
262,-0.0003309583990222461,-0.003783841661076487,-0.00018451516312526962
263,-0.004544682302982247,0.0011258640271645112,-0.0016706783975547314
264,-0.00018018552456663646,-0.006008257476094393,-0.0013900790037771062
265,-0.0005511857646242042,-0.0006443810981803274,-0.00037455391979777995
266,-0.001338526518265083,0.0006384935014461854,0.0006651449486597931
267,-0.0006536424950032241,-0.012687426726192155,0.000327746913861603
268,-0.005367688428397778,0.006309822203206302,0.002526935886122195
269,-0.003954258558601615,0.005891118888048534,0.00236853190091008
270,-0.0026378087429051443,-0.0038139867518724364,0.0037537146800629153
271,0.010966745985593001,-0.0036380806476561584,0.001663745104123241
272,0.005436937148394477,-0.0028419373381455225,0.0027404951814435957
273,0.0009230360593761614,-0.0016960802177803126,0.010520841085294544
274,-0.005875932522903575,0.005112450922671217,0.003621461692006816
275,0.004362838774778261,0.0041702206593574554,0.007671517743761901
276,0.0038406160701375002,0.0022050796490702858,-0.002305627218615238
277,5.0942433094015804e-05,0.0009501626526297015,-0.00297308232847922
278,-0.006205740556834494,0.0012835560342157064,-0.00021914130928625411
279,-0.007263418313005925,-0.005533341750601179,-0.0027474530858749777
280,-0.005018245679295823,0.003831208347819647,0.0030370732865630215
281,-0.007541983065034561,-0.0020458752298834547,-0.004286849624155109
282,-0.0038134580814809895,0.00529636824032936,-0.003813888201356237
283,0.0024687705643602165,-0.0002221069353404709,-0.005588831887160281
284,-0.0021750338942506326,-0.006477999546173126,0.005364383412630452
285,-0.002634165920232702,-0.002590833475701944,0.0003523638471299455
286,0.006332421157544341,0.0018192416864139197,0.0018225952167922309
287,-0.005698766346496698,0.002474014461338212,0.0026230366296450657
288,-0.0005177715155242933,-0.005160168467498204,0.004166018791519195
289,-0.002278732041806636,0.0019588705654200633,-0.0018746797544985365
290,-0.0015877694498768666,0.0037098926164916037,0.003832719314324903
291,-0.00570334694381188,0.004664754678127741,-0.003018680654500472
292,-0.0045167099261902,0.007959859396290422,0.012991328165399432
293,-0.00408292090668837,0.0056622859394122455,0.008295969309758648
294,0.007684447549059107,0.007539508247082437,0.0024557824570247684
295,-0.003617721315950845,-0.007546586985546624,-0.011374496062800952
296,-0.0035376503506616822,-0.002071091409277062,-0.0038142924058601068
297,-0.008648142203115368,-0.004214102022642369,0.00417225818494175
298,0.0008530200391998539,0.0006255413211221882,-0.0014730504266754717
299,0.0057938602336866174,0.0003314877568906475,0.001747673675246375
300,0.0013750151563200347,-0.0023112843249255724,-7.426595209417261e-05
301,0.004285859153018527,0.003980192319345667,0.0029488631825499725
302,0.00034305245387708126,-0.0013228399139083994,5.965023536407386e-05
303,-0.004633127792136341,0.0024632743709622415,-0.0022854315091914252
304,-0.010126601949288572,-0.002973324204754333,-0.001129710990770765
305,0.0011717056247400489,-0.00987392547346816,0.00801376976052641
306,-0.0009601980072241918,-7.717877403447307e-05,-0.006224773553829988
307,0.000538090188649344,-0.006919537181440839,0.003594810746390842
308,-0.0035017838900372957,-0.009946021466286497,0.007925124923228548
309,-0.0013495568676035949,0.0015257761403510983,0.004125368989635951
310,-0.0008008623526514288,0.0024582626405923506,0.002047500998402232
311,0.005174198227384901,0.0005357313713955939,0.002008089281209119
312,0.0002819405325579034,0.004591690046130203,0.009286856816697926
313,-0.006141239074661218,0.0029683740930696403,-0.007675668770637312
314,0.003347767820538753,-0.0016553568863570244,0.003351954531700958
315,0.0023265696114591473,-0.004358864197336399,0.001457648594344347
316,-0.007746296330254439,-0.005209421379796472,0.008504531674919108
317,-0.0028586088826755046,-0.00546175805024235,-0.005405297308263869
318,0.0037361776048204505,-0.0003649792769533183,0.005466102995591397
319,-7.432650207650738e-05,-0.0033701774432469433,0.008407177805949368
320,0.006281428159918959,-0.00020691620297517253,0.0010707848288592935
321,-0.0013128402621659105,-0.0013075998205728425,-0.001822928589869137
322,0.005072069978335644,0.0031134347818177004,0.002975497290605643
323,0.0006824834666574695,0.0017457904400691425,0.007958960756294374
324,-0.00424400713656785,-0.0015524351528575693,0.002664645728382762
325,-0.0014999622910584001,0.0020150838360897274,0.001327421945241791
326,0.00491005956206909,0.004229244301968796,0.0017105451792014924
327,0.0030817236434542935,0.008616002744160828,0.0013909846806552904
328,-0.00026882350581715635,-0.0004743790796334282,0.009130395372141433
329,0.0018191363706985826,-0.008634332557097722,-0.004316569416940182
330,0.00545378408167502,0.0022148382360980116,0.0042885786848480085
331,0.005530091510683514,0.001089077505383268,0.005517567796501522
332,-0.0049190123791017165,-0.00046495901600041267,-0.003538228686415282
333,0.0009505274389892205,0.006237885168083252,-0.0004543683793109014
334,-0.004078269183304172,-0.0009493559592446919,0.009308089417084215
335,-0.006168688213144775,0.002777085591041573,0.009960234609238821
336,0.0028705218849886,-0.0024500369093699605,0.0008739942224845034
337,0.005895593388636256,-0.0069360455539526815,0.002481802238125343
338,0.007676489010720597,9.949578917691068e-05,-0.009397488412283902
339,0.0020214922855920606,0.0015578581754149522,-0.0015382569675488715
340,-0.0004860131446837291,0.0015144640171587357,-7.326154379915808e-05
341,0.008621963927552509,-0.0022066701676575567,0.0022220885335995978
342,0.005969392931128782,-0.0003274194843719917,0.0015434380595077503
343,0.0012137312029510538,0.0032899206807399622,0.0007042092022124645
344,-0.0034199418924633087,-0.0018179887979517145,0.00995446882683289
345,-0.0028818350732861945,0.004938971156379305,-0.0017831174447067739
346,-0.0044383398210160515,-0.003216945975389331,-0.000456797490614563
347,-0.006770471919980161,-5.442185308778194e-05,-0.00535005032856123
348,-0.0020058666011752457,0.005437649838645809,-0.005938533103918489
349,0.010087948262616242,-0.0021786277045154055,-0.0008279826442593366
350,-0.0038736170592863248,0.00137651420057369,0.003789050995056335
351,0.00468975663719607,0.002918098421450861,0.00968004901469847
352,0.002888199019723856,0.004446156766761475,-0.00038598069036588557
353,-0.006242083293560456,-0.0015826346123666791,0.0005904988091417493
354,0.004941440196726638,-0.0027993153451762683,-0.0028507608138543827
355,0.004924478897686948,-0.005680406739684586,5.2083625536023034e-05
356,-0.0021242299284828787,0.0008709838180930061,-0.0002737779517323543
357,0.0019627182906614238,-0.004128603987972144,0.002793895785437503
358,0.002766437333358038,-0.005336690740007599,-0.0019957282260380173
359,-0.0035501025015152823,0.0005773404031107549,-0.00617103971880745
360,0.005267719343782444,0.003545792180700126,-0.0017903386844673813
361,0.0023145131936821955,-0.006890692708369302,-0.0004459908050016808
362,-0.009380466397657253,0.00039631182173333984,0.009463192852277638
363,0.005779953216599659,0.0025231119970452794,0.001285398754453027
364,0.005684232670888381,0.005259169658273745,-0.000642751078988831
365,-0.0008223502165913133,0.0023136341384585157,-0.005634397289402337
366,2.4140784730176496e-05,0.001090899692555558,0.00736937363273947
367,0.010963370436037847,-0.002218659674474922,-0.007431672807911741
368,-0.004463110061831058,0.0022071704608711295,0.006445929880217601
369,0.0010898873597282625,-0.007256050061784258,0.004131042834703064
370,0.0004033724233373462,0.005132550616133082,-0.003910839631738401
371,0.005893239350429578,-0.010527012266135722,0.0010768891796342584
372,-0.002447204966447299,-0.004975416155857708,0.0024519837027064994
373,0.005051396830042769,-0.0016634380902809034,1.3803092548526156e-05
374,-0.0005047625989638428,-0.0006561669814455214,0.0048253036364913245
375,0.0003931126423867507,-0.0008915863177305799,-0.0029228055438301156
376,-0.0018431195153198997,0.010287451981671072,0.007734454798774715
377,0.0007805206813290983,-0.0021546076004011244,0.0023908836728391883
378,0.00020174071183751388,-0.0029138864777883016,0.0037783289423000323
379,-0.003415743582938004,-0.008089107610768224,-0.0011310967756787353
380,0.0038178811450195666,-0.00011166721261240632,0.002642913868032422
381,-0.0068924233582027495,-0.001779065205595596,0.008723622380825484
382,-0.001527012228638337,-0.006135162613147993,0.00908255087328337
383,-0.003748048719849889,0.0002686983113937492,0.0012928299251079615
384,-0.004970969984952251,-0.0005090610035091273,0.0029943317202164245
385,0.001018468532469098,0.0015701543646597389,-0.002968368907411168
386,-0.0016067687722949315,-0.005175907535853462,0.006971423838298054
387,-0.007447084089148886,-0.004149012746380372,0.0004396768074028382
388,0.0005433885694521781,0.006146974268858154,0.001483708767160124
389,-0.002371600279301797,-0.0025317864293443073,-0.004000998145868159
390,0.0062712911220000065,-0.004029623737664944,0.0012196520256429894
391,0.002282738741745695,-0.007541194569626265,0.005172560613243873
392,0.0015505060157373404,0.0004150001300228503,0.003810195707916861
393,-0.00010384647563222511,-0.008815684478993661,0.00409703414761531
394,-0.004613778419244332,-0.006166054382190957,-0.004619306430198273
395,0.002535481531859169,0.0003479378174087485,0.002496875215419839
396,0.005775374726546216,0.0038435703835653146,0.0026611822321509944
397,-0.00391214169873428,0.009467575368730255,0.012019955797110246
398,-0.002715553049884755,0.003743741677902524,-0.0022958468923348816
399,0.004787774382246661,0.002193876889970182,0.0071074858678366595
400,0.005023069077017764,-0.0021015326781677426,0.008462481885190026
401,-0.002651270254262482,-0.006817462950705092,0.007350914799477637
402,0.0042492511610905314,-0.0029924438661886946,-0.00034279733935498307
403,0.0013357192279541312,-0.002562652687095947,0.005813426347536524
404,4.883333392680722e-05,-0.004210024723944603,-0.0022282041468651226
405,-0.0072196961081609536,-0.0011178784023785418,-0.005469170607075781
406,-0.002467149996225431,-0.004398271131903035,-0.0007521540024739013
407,-0.004472803441047874,0.009929589588619581,0.002005094440394649
408,0.0020791016307688246,0.003254505611066321,0.008065810355668425
409,-0.0029338068946636576,-0.0028327567933065074,-0.002354870564006283
410,-0.0014176029228244542,-0.0019188884276390937,-0.00018467364533063737
411,0.0009060845817494049,-0.009092450057464067,-0.00047222755056529716
412,-0.00028815172599343735,-0.00272897158107151,-0.005757391699525918
413,-0.0006003623276532891,0.00560886631703503,0.011896433084199685
414,-0.00170936609612664,0.0016130052714986188,0.012297194431426857
415,-0.0008327297188166155,0.005036212315773783,0.0012648592066107729
416,0.0045932457229163216,-0.0025199655451271577,-0.005549588661480719
417,0.0026912060932418693,0.005399832227640681,0.004768019328958086
418,0.0043013705788036045,-0.0004716914449043503,-0.004857652244254371
419,0.00034623545263280176,-0.009422535727249994,0.0013513615038774221
420,-0.0014705000602197385,-0.0021378067402248306,0.010558505764456105
421,-0.0031664889789080283,0.00374943705337906,-0.006534640579987647
422,0.003957462231650974,0.0042285100506337684,-0.005959936967881879
423,-0.0003261883605706428,0.0035560488875900436,5.8042683437613554e-05
424,-0.0017364080841887149,0.0060259770380878515,0.00949153609281366
425,0.0038520754866785928,0.0031416239779665767,-0.00999809946135099
426,0.0017101811843341502,0.00325451409863039,-0.004410003606998233
427,0.0057490941374918995,0.009273001045524582,0.006189557659375408
428,0.0042571269757201964,0.00093734035820585,0.005734077841300805
429,0.001962129355823449,0.0007898633303002655,-0.00970623962617878
430,-0.0002578267825528267,0.008212224087851924,-0.00623930101454265
431,0.0019577235519578295,0.0006385386831071967,0.0014469622349066946
432,0.003926897818003962,0.004541146803285456,0.0152438229578773
433,-0.005874142941993585,-0.011563749773821087,-0.003060714020227414
434,-0.009294874900174459,-0.009180536496206813,-0.0009371524366517608
435,0.0027434870842729282,-0.000670781360304708,0.001057282658392067
436,0.003819575243082041,-0.0043635087951849165,-0.0011707333141504099
437,0.0018337576101834056,0.008033211766578195,-0.00048594329852998526
438,-0.0016748182513070375,0.0004835103676407296,0.008589385496700151
439,3.2294034084991224e-05,-0.005839359609339077,0.0013616521205623221
440,-0.007570485356324457,-0.0035518669219472463,0.00015113808690651916
441,-0.005909239260745287,-0.004121586779936203,0.010656472335953465
442,0.0009123475105167217,-0.0023609081411485595,0.009822378304474966
443,0.0009219312521692469,-0.006748220419723262,0.0024799707870543546
444,0.0003275432538080946,-0.001831914685735646,0.006143292295420066
445,0.00015429942655801267,-0.007293656848614755,0.009055485236742666
446,-0.004014295839583296,0.00300769567226048,-0.0028850611213432687
447,0.0032840353954498836,-0.0007961734507636135,-0.0011668494700671436
448,0.001522673081413158,-0.001863652425365227,-0.00202740891735937
449,0.006380391785191692,0.004218388524461916,0.008534986376304194
450,0.007389165680921929,0.002813979494548244,-0.0004563510686304538
451,-0.0018951339554266814,0.003266668930981778,-0.004711082413794324
452,-0.0015002408713398953,-0.0010798232533994268,-0.00209523736960151
453,0.005184073787012092,0.0036741710592624647,0.0006242545785150087
454,0.006069802765053212,-0.006834977880637365,0.010617267946620658
455,-0.0006935899341933794,0.0012009636686262594,0.00013175719992873828
456,-0.008669705575080745,-0.0007388044135742618,-0.003562878003677507
457,0.0009163360456778423,-0.0062043464831478745,0.004961857602879619
458,0.002736365348203222,-0.0005312141371545109,0.0029212412988652617
459,0.0017228669735801286,-0.0009160970306556201,-0.0013260933683831605
460,-0.0008893811615208539,-0.0013824391206117732,0.004312391825535936
461,-0.0018352491292448136,0.003877031093672409,0.00035915805440404734
462,0.007278643229217033,-0.0008204043768828302,-0.0023841617042326753
463,0.006540875010200321,-0.004722903999240237,-0.0037606944180715307
464,0.003629384444586695,0.005079082705776603,0.0007327449241753482
465,-0.004842099322802861,-0.011167378729107882,-0.001026202963449758
466,0.0016602570208259372,0.003497415595474516,0.0004221407803389628
467,-0.001850533909303848,0.002528122934306602,-0.002204924995821424
468,0.0004410952476093649,-0.0009894627286857513,0.005466577071642001
469,-0.0005381261420560881,0.002616320689663047,0.00226455654338741
470,0.003622391046328862,-0.002604091908051791,0.0016809688052952787
471,-0.006546231324298281,0.005760089190221526,-0.0026506413494457146
472,0.0017603415084362693,-0.0018884192442991195,-0.001528340844380744
473,-0.00038643400702050983,0.008328529977675225,0.004343796642283327
474,-6.602665880899216e-05,0.0021120175206751288,0.000561899729991015
475,-0.0009469454871988124,0.0024836859268662307,0.00324914108453732
476,0.0014843174516712355,0.0037027770592732915,0.0014029017466409728
477,5.906920157017619e-05,-0.003981069984636726,-0.005742538951895144
478,-0.0023549050858903756,0.00017609782099844412,0.0010881522232134501
479,0.0025744179926744325,-0.0031320442928356343,0.005586119348250318
480,-0.004320589379507841,0.004134483211517727,0.0003130468337348485
481,-5.697143819847836e-05,-0.0016325563844947456,0.0031692031204442386
482,0.003148189195404605,0.004011838647751652,0.006596775097661177
483,0.0025678593300920323,0.002167201961875448,0.0056730088452408125
484,-0.004291448103804119,-0.004660279996372914,-0.0004590612765558775
485,-0.004197593478543154,0.002013160606052456,0.0039177162056600245
486,0.0015494989219356043,-0.004523715793494806,0.008081966850093056
487,-0.0034244031305916745,-0.0027225984939977916,0.000404059834368814
488,0.002979330292724246,-0.0006346232690984578,0.00224202130381657
489,0.01085012314657472,-3.7321672009861776e-05,-0.0035668702076387345
490,-0.002772853714150267,0.0013698733621081486,0.0026257009047178227
491,-0.001022190094718303,-0.00017511424357924562,-0.0048145275450953585
492,-0.008239808058040721,0.002007929556904401,0.005309875257638466
493,0.0005618571096558477,0.0020434425043746158,0.0014916920551916746
494,-0.001519097011048954,-0.002183397777898043,-0.0046273825249743316
495,-0.005789414060418192,-0.008402191507261668,0.008769174401085584
496,0.005572941589580736,-0.004361194738292614,0.0010493774984907068
497,-0.005143550119921067,-0.0008771362779791244,-0.0026653443653261587
498,0.011337232113963473,-0.0006547659355627856,-0.004944654315907908
499,-0.00014992902699843304,-0.004455211361314543,0.0009269065072332409
500,0.0049429662870737355,-0.001811672674264228,-0.0028914284506146373
501,0.0038159245027286795,-0.009702295136277815,0.004625227203530738
502,0.0001227932326407164,-0.004219976516226485,-0.0003811656388342181
503,-0.002993125560623334,0.005113246620478046,0.002334411182791722
504,-0.0019073602166720547,-0.0018025814167213624,0.0024253251993693273
505,-0.002594138196360124,0.0030920980534060935,0.002203806016633138
506,-0.001980392083667908,-0.003708628318695633,0.0010775650803561928
507,0.0026620345641277347,-0.003345135686258833,0.0036391340293490215
508,0.0028670338595607136,4.8437368181851025e-05,-0.006067321637474011
509,-0.00037277562659027993,-0.002832909449972956,0.0008786065786327253
510,0.0018886245089945648,-0.0022459669377705277,0.005830874763193537
511,-0.005037718910108498,0.007428679306345192,-0.0019424611127204859
512,-0.005553735358122044,0.00013774110448603756,0.0007483419635561512
513,-0.0050846373879961295,0.014120789649734766,0.0067716995703550305
514,-0.0022009007082068504,0.0008182597024093994,-0.0005507203849349554
515,0.0006601914614955134,-0.007838255454830334,0.004690054482667878
516,0.006305131461325622,-0.0016174829770798894,0.0022656890627254698
517,-0.002321233796071798,-0.003199110335957361,0.005723893418416618
518,0.0033557944878169713,0.0006299646311653356,0.0046134200175306835
519,-0.005068636461121987,0.0008875420505794832,-0.005617965490378661
520,0.0009910624766623743,0.005963351492296151,-0.0040439929007891435
521,-0.0010498553673933032,0.004277191232949052,-0.005237984511418204
522,0.001410167377377986,-0.0026408013607724656,0.002121184970159112
523,-7.922455521540768e-05,-0.0017587381947494973,0.0004044241865254321
524,0.0008009655783596314,0.0018341827849848542,-0.0008855051305682646
525,-0.000749790363654911,-0.0021948068418800675,-0.008690994730716585
526,0.00508178428501654,0.0014552414759114653,-0.000751829802886726
527,-0.005446959781413189,0.007281467765129214,0.0030591035362396053
528,0.002784727215092238,0.004752350010537494,-0.007638104175139775
529,0.005896151951824934,-0.005535830032207606,0.003656200295913018
530,0.004576981602571035,-0.005799461019365987,0.004566510810350392
531,-0.0015168287779194496,-0.001416008827749415,0.0031097291879277553
532,-0.0019469477397096226,-0.010370535469242473,0.0022980768537441735
533,0.0020504852342778774,-0.012336891442881623,-0.001684319008553703
534,-0.002756870704628425,0.005250891924258539,0.003225522632322217
535,0.001368280828395553,-0.00909914320781602,2.6761722130757247e-05
536,0.0035396218086040285,0.0024012773867234894,-0.001840292231630505
537,0.0021951882133038956,-0.0072486598514019404,0.008348079125041404
538,0.003047655232155508,0.00029481980794797993,0.0015565713981787726
539,-0.003363002610342131,-0.005579777431786633,-0.00026731857412298283
540,0.00471382366148145,0.0014678663323046427,0.0032538560862013844
541,-0.0011286976341968941,0.0006115294345817587,-0.006932666089933662
542,0.0005565467655979103,0.0031505355366042796,0.0036924608095551003
543,-0.008371953805329384,0.0007242167361072006,-0.0010420243151680027
544,-0.004271050134891932,-0.0051249606319115,0.006257146055025285
545,-0.0025528864831092374,-0.0027007690899314104,0.008085610022930404
546,0.0021521114820464145,0.0031284811455163813,0.0016306462174715904
547,0.0025389966119314447,-0.006678504031782057,-0.004204938272514586
548,0.004082266265328221,-0.0006669624861802862,-0.0008426087036452045
549,2.4821091469379554e-05,0.004528004545426313,0.0010428540276304678
550,-0.009200919951929848,0.004601309680665567,0.004346402520757923
551,0.0020522747298605116,0.0017436423158890214,0.007878910487787182
552,0.005328221744052574,0.004759069320775854,-0.0024476876146220868
553,0.006211707239263053,-0.00027018528173902105,0.004500504337725979
554,-0.0030466987176921844,0.011587517488230925,0.006796168003723003
555,0.003385570496796532,-0.0038155882722031784,-8.105310305747482e-05
556,-0.005860518110167663,-0.007827570234269271,-0.006191472930075656
557,-0.003084862394078967,-0.004407452267750589,0.004543846270167961
558,-0.000803150870576601,0.005059615860652342,0.004881293862495571
559,0.0061646174584687255,3.547613038763674e-05,0.004254010210967402
560,0.007172072274288476,-0.005531722218463643,0.005711401450026833
561,0.005320482532433973,-0.00040003240881320256,0.005777350243867256
562,-0.000683872880701529,-0.004345486322476135,-0.0030840026994495714
563,0.0025118270308889076,-0.0028547549279433187,0.0020406449794051346
564,0.007226829792330661,-0.005383141576205973,-0.005139761848833719
565,0.0018452229068303871,-0.010117228077273466,0.0007414293861087801
566,0.0001949773625943479,-0.0018740724487180409,-0.005227798885036103
567,0.0037471428271186567,-0.001211635718239955,0.0017975544166671236
568,-0.009542911684820488,-0.0032904090511020018,0.002721034479866772
569,-0.0047844086711015255,-0.0010538773338210413,0.004522003574818646
570,0.000857065166235643,0.0018773225325907142,0.0006117749316690765
571,0.0013023847103571962,0.009115441665103988,0.01083003357320006
572,0.003867598832694892,0.00918868430651989,-0.00048357251856572897
573,-0.007035117356199901,-0.0046840260139051895,-0.005734402392276437
574,0.0021912493182164434,0.00959013947144604,0.008855487534348812
575,0.000759721584037541,-0.005863251036988599,0.0014608895665695098
576,0.004883307718112872,0.001708200367572275,-0.005539369929075756
577,-0.007722170520282058,0.005100844798872687,-0.0017411880851441498
578,-0.003358712020216604,-0.0023299083024190177,-0.0009696317995692491
579,-0.00578179020245255,0.004185836305708735,0.0031710252293553915
580,-0.003592753391624232,-0.0007700806266778792,0.005745875425755754
581,0.004983205311059587,0.005312360045244751,0.0011086397809597255
582,3.116340506392959e-06,-0.00417446684554667,0.00138853195584868
583,0.004084754777547931,0.006756905995942097,-0.004359557091681523
584,0.004258544610916854,0.0015759128016116543,0.004073714440319134
585,-0.0018533437441433994,-0.0054525417392877855,0.0004378332723761402
586,0.00338453940336801,-0.0028033133082298566,0.0026710461934994095
587,0.006967082530509689,0.004421815533686936,-0.002058794747422744
588,0.0017760827710849893,-0.0011402281956613505,-0.0019596079212916436
589,-0.002885544757287284,-0.006818563758640713,-0.004484003029200036
590,-0.0018258197392124968,-0.000998072496136269,0.0028708694722844584
591,-0.002453109448822106,-0.007586413061319325,-0.0011163030214300423
592,0.0008771048579805027,-0.005411928684951431,0.0015921394275630685
593,0.0019452264324219624,-0.003557725747001977,-0.005995586607780654
594,0.004576274962714419,-0.00887728789555506,-0.00019143256456633718
595,0.004450709428361111,-0.0014591556363838883,0.0037518470130633737
596,-0.0048110475842460445,0.00833008585174455,0.0021942055078915932
597,0.0016617644782522221,-0.0007581646412097208,0.00037867075499447455
598,-0.0003125914244033352,0.0052595477148640974,0.001122201238918462
599,-0.0006854756716117229,0.00446562833992378,0.007014471175936736
600,-0.0027028423060945377,0.0006637929000107853,0.0029425490912765736
601,0.006608112892556018,-0.01144045194271473,-0.0013457171711724724
602,0.009947323649154698,-0.003126973093938874,-0.0006061939183029124
603,0.0052665323798703825,0.008958001480318495,-0.00040594870507408494
604,-0.0039300768067024846,-0.004153102703587359,-0.002071665707488906
605,-0.002698507958302196,0.0006241727696652145,0.0018757397904818488
606,0.006098915405581201,0.0027655369150530813,-0.0028965204815180837
607,0.004224996727414681,0.00253466094806533,-0.0012473317974348336
608,0.004606401409231371,0.0016290552859773305,0.0051267677711000605
609,0.008389511471093928,0.010349863477162201,-0.0016268454681183668
610,-0.0035890198796982623,-0.00011550126606283573,0.0016055761551084077
611,0.002553376738496895,0.008666863960712057,0.009232350284091516
612,0.00646207723689821,-0.0018936926966328551,-0.0037181376680621857
613,-0.004159388735000281,0.007302471833292337,0.005678069140666751
614,-0.005342767259855589,-0.00246733068759202,0.005511788048938833
615,-0.004210559887490085,-0.0028451807777584233,0.0018980828365291792
616,0.0024297151416083572,-0.0021083802441713984,0.0018664425001095471
617,0.0023621946060818906,-0.0014041992155942049,-0.0014101586581549556
618,-0.004000251107472021,-0.0030851534900814995,0.0055419746912957054
619,-0.004155139967188508,1.0723070594901948e-05,0.004206968301831781
620,-0.005547854276820887,-0.0008024750826825282,0.004893584010988242
621,0.0011104885070664353,0.001944174460940123,0.0010273057889204635
622,0.008685318390386717,0.005992060865070509,0.006839764304279571
623,-0.004811188401876057,0.003968374371363263,0.0033617549797229362
624,-0.00505457257364221,-0.005842318207390635,0.003242081639382409
625,-0.0046389538672008575,-0.005225419517040431,0.004336792652061215
626,0.0011243734180383838,0.0017482846357355232,-0.003516349870914258
627,-0.0034656154238612478,0.005378535151806588,0.0074362794860048055
628,-0.00048124692057052715,4.985864126181924e-05,0.006746296374671233
629,-0.0037684483599044493,-0.00491747992556782,-0.0012513014684322078
630,0.0028873728067638853,-0.004124222225629373,0.005404947136507804
631,0.005298198298406553,1.3727717704153323e-05,0.005444749221515599
632,0.0075431908805919734,-0.00028380193983055515,-0.0038364230361713774
633,0.0034202289322748463,0.0007437537187235619,-0.004405822022417605
634,-0.0013801452469714966,-0.0031467216899248086,0.002194185538689506
635,0.002409183458151079,0.0007285597471115368,0.002597131525203871
636,-0.003513840655697547,-0.0012781274041162687,0.009589034091125381
637,-0.0011629159927850814,0.005714754813485255,0.00512918665099561
638,0.0008864398927488996,0.00031759087295097694,-0.003193666936204016
639,-0.0024654642761610507,0.006351657797079912,-5.905684219048232e-06
640,0.006535122871810982,0.003796144271201949,-0.006459135537509698
641,-0.002531655572833591,-0.0032768013137583056,-0.001895702772284698
642,0.0013661809491641943,0.0058066379445520224,-0.0043114418715454895
643,-0.0057723767353728,-0.005831294788835109,-0.0026700063013425043
644,0.0034965085167016617,0.0025540470944974496,-0.004141407241178125
645,-0.0016987358325285858,-0.0032636509369620655,0.0024633022613283224
646,-0.00036628196205120735,0.0021839109979230518,-0.0015166745405533761
647,0.005887231477759725,-0.001278638364510931,0.004239045665221799
648,-0.0015779232020839203,0.0022527242523599487,0.007073220492096105
649,0.0008261378141005904,0.0027324371063013227,-0.004487895617063221
650,0.0017053319099523394,-0.00010395364679709673,-0.0007951723016843885
651,0.00012527622468048758,0.0035188799501339268,-0.002515023004065857
652,0.0074421612354671545,-0.001694305661549284,0.0011441629148605849
653,0.00628951235273754,-0.0004007863717270092,0.004674998898008862
654,-0.007853306518380098,0.0007762079590889061,0.005299359470744935
655,0.002647789078451165,0.0013153679614395534,-0.0039545039935157565
656,0.0022947965561323264,0.002032292896953463,-0.0027742967077007204
657,-0.0030664197556176426,-0.005051688837561801,0.009833046644971631
658,0.003145809457946662,0.0019214003652106694,0.004269027233513735
659,-0.00029895518711366983,-0.006244787114939563,-0.005048888151471466
660,0.004165274369736736,-0.0007077019740853325,0.004858556754895542
661,0.0030925569989298293,-0.0004156481733008201,2.860295035765011e-05
662,-0.0015946695607520639,0.0023810660333278,0.005381252421874527
663,-0.0043284621216686,-0.002231832903251083,0.002056207375605978
664,0.005415666724672357,8.666799544831558e-05,4.909908213051485e-05
665,-0.0010789106252107458,0.00501384547752032,0.0048798265748122615
666,0.0015033163869053543,-0.009337785473330836,0.0010660714929879524
667,-0.0017383022172232376,-0.0026292907588799166,0.002577658291047221
668,-0.000977272767938459,-0.004226506339051365,0.0019184595309492012
669,-0.004311414772954203,0.006830359619441333,0.007867287069602451
670,0.0007127106102089398,-0.0002250163252933282,0.0026479021926068542
671,-0.0039084734532366565,-0.0026465001369228255,-0.0014310848138075361
672,-6.853868074916444e-06,0.00027593372811774206,0.0038625809891088578
673,0.0029456249172927634,-0.005009957175055594,-0.006214786341174491
674,-0.0045346812946992264,0.006954402755957888,-0.00026686659344222753
675,-0.0002836837059232166,-0.0039850232467966784,-0.0025437005870732874
676,0.006280689182903142,0.002522067598671906,0.0019745578845367325
677,-0.0031304922670458563,0.0034491314381503717,-0.0021671197522345753
678,-0.00014164303578611897,0.00709360749655457,0.003990244396114415
679,-0.0022641656965019497,-0.0013880563345755363,0.0012378179748363507
680,0.00815288332290161,0.002506817521784832,0.00046627188203588924
681,-0.00018226278411359945,-0.0008471859345735712,-0.0011406991161491415
682,0.00022376148921635149,-7.488175883960228e-05,-0.0030616348715172804
683,0.002974468216933592,0.001959006471858378,8.28299251283515e-05
684,-0.0018394754338895345,0.0003684020055409367,0.0072591154459494866
685,-0.002699643494406894,-0.003926215156600753,0.0036033193272856936
686,0.003597291620387066,-0.002075400103121754,0.005494341427499202
687,0.007153159217347646,0.00013757577808295998,0.007024934178193442
688,-0.00991048671553664,-0.0041552262602628535,-0.0008643489294632737
689,0.0028977954019742524,0.005379874282300613,-0.005992612634788117
690,0.00410633627500477,-0.0006198969969787835,0.0016757697781758253
691,-0.0009430567304548901,0.0034334558206782447,0.0033118145626546223
692,-0.0002121648865490024,0.0028474574020777924,-0.000946719634253284
693,0.00806756806298022,-0.0073462099484715195,0.003670032058792091
694,-0.0018013141495862054,-0.0003477410582141782,0.001986358619121889
695,0.0013302736300827248,0.002452350029621775,-0.0030699625903205362
696,0.0033488797494689733,-0.001749850252253416,0.00014226489826329783
697,9.744139809007614e-05,-0.004185642428881082,-0.0021388027493913333
698,-0.001240101668342448,-0.0016557725896607365,-0.003304604105514202
699,-0.0013702571031129112,-0.0011766096518359087,-0.00042664058746581525
700,0.0036946987409093735,-0.005299959861174287,0.005468453898672552
701,0.01382325794212553,-0.008013256401703075,0.0048583436414372004
702,0.006368045553404918,0.005796131421687444,0.0068333277934781765
703,-0.004489585474624822,0.009631433119796017,-0.003194694906203924
704,-0.0024090096397791534,-0.0038563157504283136,0.006960380312973445
705,0.00714545610059867,0.0061211795288701985,-0.002717398961831017
706,-0.0002696939059277572,-0.0006628457425418528,0.0021676792986355534
707,0.0009308848081955235,0.007450587089805446,-0.0072681728547900545
708,-0.0007301671988734614,-0.00014429062498259065,-0.0011684597299266174
709,0.0022186197687788928,-0.00231391016554431,-0.006226544678553425
710,0.004524319576867562,0.0014568927986325258,-0.001395753834069046
711,0.003761010247122282,0.005129500149879986,-3.924313567077338e-05
712,3.822008820164692e-05,-0.003170425532016239,0.0008840671261986215
713,0.00178076070461803,0.005617561580914739,0.00305913537303776
714,-0.0016327271559370537,-0.0003267933301746053,0.007128073391501192
715,-0.0019669720006895916,-0.0025848354567345752,0.0034170716830952846
716,-0.00040748174371024,0.0035804787081058533,-0.0006154313315161955
717,0.0052345394892638715,-0.0028731125619318823,0.003992785373017188
718,0.005612956567602045,0.003586086026676564,-0.001626572256437351
719,0.007983824272631083,-0.001643165436530495,0.003988707212097639
720,0.00591875843839109,0.003713190495286954,-0.003221772095670787
721,0.003983530586110416,0.011905728844632514,0.009288537105246415
722,0.006319954182171166,0.0035638293191978475,0.000353181351743129
723,0.001241119406837032,-0.00311570184724776,0.0011071894218888157
724,-0.0022317999538440706,-0.006564260538295879,0.006704032284312516
725,0.002823893625362145,-0.0011192864585611811,0.005245444210217848
726,-0.0003370795155649556,0.001664775222802828,0.0006057676974869768
727,0.00268488320711003,-0.0032564936381318343,-0.003286042109946994
728,-0.006934149355241154,0.004483303077514639,0.008477687204918847
729,-0.0031481544004112474,-0.006996754750268167,0.0008093481183023411
730,0.005243434090224908,0.004117666191741363,0.0014331886172833767
731,-0.0009485009569450116,0.0012829174939065881,0.0034838976191811193
732,-0.0021712965820534728,0.0017830416777402283,0.008349905353929347
733,0.009520917091768555,-0.0037633081528114618,0.003582351901971617
734,-0.0009047504252344377,-0.002241279395932011,0.001673738654260767
735,-0.0014563431223714313,0.004587000709791725,0.008987251755024721
736,0.001899897202809105,-0.0019327318372947637,-0.0028019493249165626
737,0.0029990997901134693,-0.0017276011683668062,0.00464570996303688
738,-0.0029267679220125065,0.003251876751730036,-0.006461464564832001
739,-0.005045159910683824,0.008511629991271308,0.0008807071229693101
740,-0.004665597838914167,-0.006505577031633705,-0.001413075889584365
741,0.004948685579973797,0.0042139831916207255,0.002838903645025842
742,0.0004497548895446974,6.269662886511157e-05,0.0033759211337702887
743,0.00021345190043277982,0.0025449828701776707,0.0037081460170097853
744,-0.0003833582570331695,0.0005273309613180083,0.0016798869335902158
745,-0.007078460289717173,-0.010114190463851334,0.0019758802673501066
746,0.0008064055332316951,0.0024702811464174966,-0.00483696779433003
747,-0.001392669507441809,-0.0054494439691942925,0.000994484072799108
748,0.002413550117130236,0.004141341794022373,-0.0038954033126312056
749,0.0060428435056029016,-0.00841431761370432,0.0034223644960191027
750,0.0018610350341045755,-0.005140124555363226,-0.0014653740910129274
751,-0.0020609182456444697,-0.0010427718947514954,-0.0028652358074240957
752,0.0011597605907728535,0.0031671753052805005,0.0035727904067295716
753,-0.003900544261680716,0.0008538629554813983,0.005238510630462202
754,-0.0010865910089198746,0.0009468411287730191,-0.0007817066475830792
755,-0.001077088687421926,0.000817692348134189,0.004197781130440475
756,-0.005638832711468262,0.0038842636130020283,0.0003608796343179542
757,-0.003838286353805686,0.006146212762496321,0.004502311935856936
758,0.006065870756595398,0.0003969921537011163,0.0033944420114280336
759,-0.00044340451860698515,0.007328381448859948,-0.004270006717318592
760,0.008453722814417534,0.005133778350400352,-0.00032602910577110567
761,0.002649084327128251,0.0069445583487967736,0.00474504212510436
762,-0.00825716399309259,0.010473397072292256,-0.0048336590332643285
763,0.002391001566364696,-0.003505230591611605,0.007718575045494529
764,0.006560505511491094,0.010381432521347636,0.006359018554358342
765,-0.003521043079941925,0.006782273978370863,0.00037430158915441526
766,0.00437042493099073,-0.006790961930369581,0.0039117364026379905
767,-0.005411194458478333,-0.004940942494508501,-0.003189481584439404
768,0.0029199813395484036,-0.0030538885598900742,0.0024875516713412007
769,0.007384522123132732,0.002890617478117424,0.00514666702197691
770,0.0015735850626840242,-0.0014746144153076266,0.0023740994489723573
771,-0.0030123664731374045,-0.0006494337911988679,-0.0003562598370855081
772,0.0012417903900135512,0.011332388107110557,0.004745598177873387
773,-0.0005547580786107027,-0.0013427122727484237,-0.0015159509744417483
774,0.00036518734916205447,-0.00047508840198701055,0.006357909628280127
775,-0.00521485559856403,-0.0027836133546241247,0.0012016302889953086
776,-0.002591922857032141,-0.004358031292176758,0.0008712610422280222
777,-0.0028683241987277727,0.005117552510072096,0.0016770124023813306
778,0.007098168214477184,-0.0015538431858910563,0.00532502299438032
779,-0.003958735425301877,0.005179226332915215,-2.468699643206486e-05
780,0.002458385151292731,-0.00485550700075519,-0.0009820647752914597
781,-0.0029264899794234148,0.007310160127935766,0.0026253526605141022
782,0.0034372928686101003,0.00397262357202035,-0.004501388293008103
783,-0.0032940558037857595,0.004810703278887287,0.0055320931876358045
784,0.002723623280327396,0.0007124924659095986,-0.003796583305957677
785,0.0020047427813969765,-0.00115981609087767,0.003269430109554898
786,-8.165370834564765e-05,0.00019868942696801565,-0.004914052082345843
787,-0.0019366312426897716,0.0007933150523276663,-0.00357655528854277
788,-0.008477342942622068,-0.012232180464409522,0.0016505175581945782
789,-0.0065213730485027405,0.0005051803061618655,0.0038358346662592407
790,0.00628205717174207,0.00315709504088737,0.0015639526407865327
791,0.0019335933086807994,-0.004098617351869553,-0.004390111022888231
792,-0.0005571371351293814,-0.0008544442561940082,0.004171570354568727
793,-0.008281113399293426,0.006045766360861462,0.0013706711172430978
794,0.004566185854728039,0.003288082153312614,0.00042280845400769347
795,6.868480380507747e-05,-0.0017083343342869052,0.0020976034716008833
796,0.002675412121743169,-0.0012458975833439644,0.004478311469242691
797,0.0014144650088477168,-0.005844475187215067,0.0024277721813330275
798,-0.0003608506692483187,0.00047413419174558124,0.004101840086834437
799,0.0004075844779704238,-0.0026149821042360903,0.00015549031563430143
800,0.0029711115887797648,-0.005668267081920683,0.001276633040161127
801,-0.004151636785778926,-0.004895245628635244,0.006336467519500295
802,-0.002040966658535638,-0.0008971883077084773,-0.0011941794930230539
803,-0.006088140084260555,-0.0009898568751218792,0.010027565338426176
804,-0.005159769455661745,0.0023353735777267575,0.005438053794934071
805,-0.0043739052907645634,0.001650497603046389,-0.005701696876706555
806,-0.002379602173914134,-0.009278675531987387,0.007352334474936258
807,0.010682837926401694,0.0027639377509497865,-0.003670102400454812
808,-0.002582848774324418,0.002369707103037875,0.003712773730134502
809,0.00047924645382241846,0.001683399964461546,0.005115086687954076
810,-0.0052161177588330365,-0.003400689592240227,0.004029640855383756
811,-0.00022036950644049145,0.005256732968650699,0.005450964901722414
812,0.0008397507893759176,-0.006634567686584,-0.0008100586627635839
813,0.001891889046438012,-0.0009029406694971293,0.0033860523416902656
814,0.004223669822809356,-0.00307781188338397,-0.004203607391599965
815,0.005507662204861264,-0.0006235904783918413,-0.0009549264259377984
816,0.0022723132018247715,-0.007691793992516067,0.007227554205656594
817,-1.9143358094332076e-05,0.0010687858231911544,0.00041593003757072253
818,-0.006653227553417333,-0.007362247191548117,0.0013969106151358842
819,0.0018405215730439887,-0.0072478555446298006,-0.0012702343510385971
820,0.0012925142788128877,-0.0038874654405880566,0.00035078756090905827
821,0.005382848899821205,-0.011882868626341442,-0.0017430550448567326
822,0.002264947934215144,0.0007627417311406249,-0.002467273985464914
823,-0.006357085550340889,-0.008795535818882158,-2.168311134469929e-05
824,-0.008116967154150596,-0.0029392315860440332,0.01057764508046137
825,-0.00839761420773521,0.006666813022131522,-0.0010912689494733555
826,0.0010466551538786378,-0.003401465170027543,-0.0012686824074883184
827,-0.006949847632015198,-0.0009587168217032007,0.0031568063415997522
828,-0.0021420049265905862,-0.0011919423932840979,0.0067363549104346
829,0.0018730275051659976,-0.007416448482586263,0.003561623738658948
830,-0.0004940748986245177,0.0003977983180651193,0.0012378030168512485
831,0.0025585511005552643,0.00041879719886925233,-0.006976640644107631
832,0.0013694148380474114,0.0010582954596722101,0.0007470270606002548
833,-0.0067000563572364,-0.006045011316243465,-0.001632688150223217
834,-0.0032378506535169654,-0.0066178676175215265,0.0068733086073985775
835,-0.0020094516466066382,-0.0022198060674067364,-0.0037554582877407337
836,0.0007949832212178926,-0.004599855028470374,-0.008305970794020552
837,-0.0035600984472403028,0.006451349455948087,0.0044027663315388
838,0.006234941858518608,-0.00277815247636682,-3.043661220837876e-05
839,-0.0007788847970834383,0.0026983853120613986,0.006285245589103016
840,-0.00280206106826747,-0.0008740296698733658,0.002217897002542057
841,-0.002872659884699851,-0.0038334007877076706,0.012413661811905485
842,0.006915715994035595,0.002983403601089171,0.0033279046970370904
843,0.008679656314012607,-3.336606206384866e-05,0.002915561699142285
844,-0.006671781809882292,0.0004593368691175206,0.00425842700711926
845,-0.0017980365776301807,0.00812682150786217,0.00015009975752517283
846,0.005181933264392177,-0.00435922789170112,0.004394903184291344
847,-8.925247077798923e-05,-0.0033186142043325866,0.004420438417799405
848,0.003535847445976247,0.0019448860486809907,0.0038165519488819848
849,-0.0006773233634459076,0.005280251026222951,0.0032100828116599736
850,-0.00010004730111612288,-0.00781397289364319,0.0006043933307567074
851,-0.004133206730512974,0.0019028671030425655,0.003961372777992586
852,0.003070172809664829,7.173984890756592e-05,-6.543744213401885e-05
853,0.0024966568853992065,-0.0011142050844979016,0.0004422866828403078
854,-0.0035884621111425693,7.457579045533818e-05,0.004325768932930502
855,0.005990573924436312,0.006641970113405656,-0.005723247632886288
856,-0.00043701398374650064,0.003009087775483864,-0.0011091205863883833
857,0.0016139843202326518,-0.0025591224396872224,-0.0017971631950073682
858,-0.0031307411524592894,-0.010749285483187175,0.003955723053290018
859,0.004928655928919846,0.00251002956270074,0.006503894989374501
860,-0.0015257038748073739,0.001773185676054577,0.0011717857826850208
861,0.0025391892670377776,0.0010681774795006118,0.0043129950030435385
862,-0.011642748431559566,-1.1499804522662097e-05,-0.0006107388766660847
863,0.0019921222632453897,-0.0031287666806482984,0.00024641550599946134
864,-0.0005089176795014214,-0.0029371430538710492,0.00233987155434847
865,-0.0029591520814864643,-0.007962265360752157,-0.0010581209983561957
866,-5.445617991479114e-05,0.0009681964299218191,0.0003416467605808929
867,0.0015526090147369605,-0.0005114893863650182,-0.0029907107818485865
868,0.00038070867749661507,-0.0050347223040102616,0.005407994395250395
869,-0.0010939382998824481,-0.007698287560142064,-0.0007077063483021548
870,-0.00018892988635154482,0.0003869634552702392,0.006205475318419981
871,0.008713801650287177,0.002860711381905353,-0.002078568751259098
872,-0.007970754552276731,0.0007385754509944082,0.010720202465363537
873,0.005514027982137991,-0.003011967331094811,-0.005201597508806597
874,-0.0031084098473766314,0.009044040495628857,0.0027689734336694602
875,-0.008691593552121003,-0.005213368498084598,0.002538243360805657
876,0.00455569816450208,0.002439197225968964,-0.002313076393359596
877,0.00339498710294342,0.0014741084045598377,0.0014226672914129527
878,-0.0013193693330469305,0.007384190141845215,0.0002260692486876803
879,-0.005656342118661961,0.009367887695688182,0.008087341757836522
880,0.007915277371083062,-0.0005934108488180283,0.00647483940844486
881,0.004278930097846494,-0.002197555998047923,-0.004392691170678017
882,-0.004587464193063366,-0.0030635462838452137,-0.0036949409253479587
883,-0.005335165770906703,-0.003913027049726853,-0.004484847369664336
884,0.0003776503333805168,0.005742666435503017,0.005842922839487493
885,-0.002833922972140277,-0.0021413355835268456,-0.002131283092306323
886,0.0010348361113478345,0.0004435349710815636,-0.005996576206966028
887,-0.003972793152544798,-0.0031867836795068365,0.0006751065011468159
888,0.007300794377438909,-0.0009508106187147864,0.004066260751077089
889,-0.0025024783703229687,0.0051734290498782485,0.00528266932384184
890,-0.0029004373275459544,-0.004169525896698548,0.004919142276821601
891,-0.0007785171984183037,0.00338574273672309,0.0057657470343248805
892,-0.005664008545645978,-0.0030632143504362107,0.0035661953442830286
893,0.001743555657723426,-0.002704660225582987,-0.0017038667218294112
894,0.0031596220229087816,-2.5648577468414164e-05,-0.007137117199964023
895,0.008480594006378737,-0.008291450811270975,0.0019909499536927846
896,-0.0014363048873337538,0.0003686803002397713,0.004024301297266467
897,0.002587763101919035,-0.006800169161430058,-0.0028909433318943015
898,0.004772958904007811,0.005566078932173615,0.001003633271912624
899,0.008044729198702001,-0.002290782148194981,-0.004871640507797484
900,-0.0041361067453355976,0.009710298693140799,0.0034702601364995384
901,-0.0039930088162903644,-0.0036723595722980176,0.006061310336635176
902,-0.0011754789685569898,-0.0011338642203035057,0.0067498470740818715
903,0.002354327962592363,0.00689158115718265,0.0020311086813905714
904,0.0036000189992478047,0.001937917186742232,0.006444880112275217
905,0.0022647062465096257,-0.009209799051164199,-0.0030505003546864935
906,0.0038111927374478924,0.007215879045402332,0.004090641238260324
907,0.0018798947922735508,-0.002461946415894443,0.004573564715637972
908,0.005249208949655324,-0.012034367266724242,-0.005687083804162552
909,-0.0020219615058337304,0.0017718457774278367,0.0004774541071979658
910,-0.002135580577853159,0.00435652981177404,-0.008201031016148571
911,0.0009654698522952136,0.0047342733204154665,0.00019238315166724578
912,0.011336788532505164,0.00013447341007737727,-0.004212251419456031
913,-0.0013878295551330083,-0.0016928934151123265,-0.0005576383148448472
914,0.002374357514856644,0.009749484883106197,-0.007585168318351098
915,1.912269932955307e-05,0.0013462412189938482,0.005520651335913367
916,-0.0027392609037336555,0.0017223836591079924,0.0005393059818544245
917,-0.005775509293291933,-0.003429516456863041,0.005001078118389999
918,0.005115764453453959,-0.002815698475031346,-0.005775293424851699
919,-0.001834383579960252,-0.003377490111740868,-0.0024119218885985875
920,-0.0014619388773187104,-0.0035544949771541844,-0.0022611607446551413
921,-0.005878533059937553,0.00438991164409778,0.007750284459461909
922,-0.004843094393452742,0.0021956024795223594,-0.005491819261103853
923,-0.004836075639303114,0.007596104281417214,0.0014267973790124313
924,0.002106442518838626,0.007000579471538757,0.0010896199389873074
925,-0.007771842925041401,0.0006218185660068548,0.004110122102676322
926,-0.006103493077131004,-0.0010657583111723398,0.002374128755512421
927,-0.005231463325899604,0.0014407704520102687,0.0017009814177334655
928,0.002986610459174245,-0.005829658517501359,-0.004383390377044116
929,-0.004635514953165232,-0.0009921898011604911,0.0009169250529644965
930,0.0020105362058814805,-0.0005113856166688815,-0.004946773963883198
931,-0.0003014241365398059,-0.0025388097849660903,-0.003268792983349877
932,-0.010429251911336776,0.0006196521710069236,-0.002736810890922236
933,-0.007338510540342937,-0.0018696021447016497,0.0023414143341211036
934,-0.0041961589004336905,-0.006090970890435507,-0.0013134334297778324
935,0.002676031445673922,0.004917663515317417,0.0036111356305885112
936,-0.0004112103215598308,-0.006776412004220154,0.0007616724419008621
937,0.0026656115598193107,0.0069428537205759614,0.0028389549154430034
938,0.0008913916437004064,-0.003521141031843146,-0.003952673157696059
939,-0.0029741832217899077,0.005501397157573582,-0.003738955330924196
940,0.001599155563448722,-0.011607020530993531,-0.0005340743809022306
941,0.0037864565110111224,-0.0014307113306443826,0.002812402662348164
942,-0.00315438371565099,-0.00727698963317597,-0.003443845702741146
943,-0.0012342315454918875,0.005455872869566033,0.005209085070185888
944,-0.010793094095090305,-0.007228052922527778,0.003385882958898627
945,-0.0022919037302414377,0.006558390676166839,0.002059906183288875
946,-0.008373362769470021,-0.002224943032872503,-0.0012039019680769182
947,0.003603813607090153,0.00530670331911099,-0.0006250147232495363
948,-0.0016869582566219627,-0.0004678747794334445,0.005161304758052578
949,0.0009231592973458236,-0.0054592987801649895,-0.005448144252630062
950,0.0026239163828794434,-0.0027500957908067358,-0.0065498874367732095
951,-0.0013726400169791625,0.0007387490151495747,-0.0024757636571332534
952,0.00234363559124851,-0.0011775701164716882,7.943758496997283e-05
953,-0.0056452527879498225,0.0007103422750304122,-0.004507279294974673
954,-0.002549699757739389,-0.003338974261531843,-0.004208896069273989
955,-0.0006445026407740257,-0.003025797091855815,0.003311019433272356
956,0.004853105668466639,-0.007308031837785264,-0.0025888209498682938
957,0.003085921851761434,-0.004769643308406377,0.0031129995729045905
958,0.005275313728727229,-0.0028044330069773396,-0.007948626641156224
959,-0.0004923830966068963,0.008139626265652403,-0.00038775805351700266
960,0.0038985514047948943,-0.0040436625064908666,0.004521019100700226
961,0.0012234963660811653,0.0038441500126493236,-0.005646058885513166
962,0.0012558830213232298,0.0027350887738955155,0.0018790627964138066
963,0.0029398970940341627,0.0016970415139706862,0.0031802727769310022
964,0.0022653807450645756,0.004201620911385968,0.0112984655387123
965,-0.0024071378205939345,-0.0004157062323915045,0.005242992810003053
966,-0.004184404368863769,-0.005232176765470497,-0.001693046126293743
967,-0.0033705429965953187,-0.011962737872156499,0.003120256946834545
968,-0.00148342439842999,-0.0075759040128787584,-0.0031312256683387126
969,0.008355981846348602,0.004784118023240417,0.008890598300828318
970,0.003032843783173604,-0.004444333885165091,-0.0003949662044473154
971,-0.0006078053576574385,0.01115918455962297,-0.00036859765351307403
972,0.0017821835638577883,0.003891977475126129,0.01177111346198511
973,0.0021243145470240398,0.004565113011983651,0.0010532127270333565
974,0.012711051042131868,-0.0023707077487997155,0.0033317322253821877
975,-0.002484422097400998,-0.005602397895334163,-0.0033571811039752875
976,-0.0007418415624822551,0.004135713835046011,-0.0004349393825743477
977,-0.00404831334149412,8.167503381433829e-05,0.0075694834919237544
978,-0.005608331636791569,-0.003651232491833576,0.005333812977581
979,-0.001816547514794705,-0.0017181895907558732,0.007256782423542408
980,0.0015812899597503762,0.003634673131086095,0.005149739144301492
981,-0.003123749863590359,0.0052424480076997656,0.007283550888899854
982,-0.0018164762631714601,-0.005732830414648252,-0.004679236656751288
983,0.0030326243267256997,0.010586869802426442,-0.0010895879952303963
984,-0.0013343170011862948,0.008270936129378377,-9.365103015154532e-05
985,-0.0016923423213033098,0.0019063599787658245,0.003292398557487846
986,0.0021761753332557097,0.001331579131184402,0.0004677783580988411
987,0.004865826346932786,0.003349894738814915,0.0029136124784002603
988,-0.004255756326922522,-0.005908221899036079,0.0035188178779799128
989,0.003748466764448116,0.007675384386230614,-0.00318675597877072
990,-0.008678303288758996,-0.0006883858190587583,0.006825851876088589
991,0.00031504179512923037,-0.00404860363159949,0.0023699315681637457
992,-0.002345393723866041,-0.004281691249740709,-0.0019927677555849304
993,-0.004663272113384728,-0.006496541794186548,0.004929062383954746
994,0.0032552494048954782,0.0034926081866468333,0.008542028457462894
995,-0.004513394081585787,0.0018878105232030416,-0.005093056405553113
996,-0.0020323960032969223,-0.005251104541347441,-0.0016279797586920394
997,0.0019766977448189152,0.003666155354122451,-0.006183303269192589
998,-0.0019781701411396876,-0.00225919799503772,0.0010395300015702041
999,0.0009573470129211155,-0.0055578454476731655,-0.0018105922278412701
